Site,IP Address
www.teenpo.com,80.82.78.2,http
www.vaginangel.com,80.82.78.2,http
teenpo.com,80.82.78.2,http
juicysexy.com,80.82.78.2,http
bery.igopotash.site,127.0.0.1,Unresolved
thisways.do.am,213.174.157.150,http
forfriends.do.am,195.216.243.40,http
www.pyabinava.site,104.24.113.136,http
calmstars.do.am,213.174.157.150,http
saavdaz.site,104.27.137.48,http
www.sadusshaz.site,Unresolved
www.leankyuz.site,104.18.41.142,http
xuyra.smallpussyarchive.site,Unresolved
lerony.smallpussyarchive.site,Unresolved
vertu.smallpussyarchive.site,Unresolved
redirect.smallpussyarchive.site,Unresolved
dream.smallpussyarchive.site,Unresolved
yutra.smallpussyarchive.site,Unresolved
mendo.smallpussyarchive.site,Unresolved
fretooseepic.site,104.27.155.35,http
jikaserto.site,104.27.188.236,http
linabhan.site,104.31.74.53,http
newold884.cf,185.198.57.74,http
newold884.ga,185.198.57.74,http
sweetnakedgirls.ga,185.45.192.161,http
lolnudegirl.fun,Unresolved
girlsaresweet.pw,185.45.192.161,http
teen82.ru,104.18.58.176,http
teen81.ru,104.27.177.36,http
bibka82.ru,104.27.168.201,http
